QUERY_ID,QUERY_TEXT,DATABASE_NAME,SCHEMA_NAME,QUERY_TYPE,SESSION_ID,USER_NAME,ROLE_NAME,WAREHOUSE_NAME,WAREHOUSE_SIZE,WAREHOUSE_TYPE,CLUSTER_NUMBER,QUERY_TAG,EXECUTION_STATUS,ERROR_CODE,ERROR_MESSAGE,START_TIME,END_TIME,TOTAL_ELAPSED_TIME,BYTES_SCANNED,ROWS_PRODUCED,COMPILATION_TIME,EXECUTION_TIME,QUEUED_PROVISIONING_TIME,QUEUED_REPAIR_TIME,QUEUED_OVERLOAD_TIME,TRANSACTION_BLOCKED_TIME,OUTBOUND_DATA_TRANSFER_CLOUD,OUTBOUND_DATA_TRANSFER_REGION,OUTBOUND_DATA_TRANSFER_BYTES,INBOUND_DATA_TRANSFER_CLOUD,INBOUND_DATA_TRANSFER_REGION,INBOUND_DATA_TRANSFER_BYTES,CREDITS_USED_CLOUD_SERVICES,LIST_EXTERNAL_FILE_TIME,RELEASE_VERSION,EXTERNAL_FUNCTION_TOTAL_INVOCATIONS,EXTERNAL_FUNCTION_TOTAL_SENT_ROWS,EXTERNAL_FUNCTION_TOTAL_RECEIVED_ROWS,EXTERNAL_FUNCTION_TOTAL_SENT_BYTES,EXTERNAL_FUNCTION_TOTAL_RECEIVED_BYTES,IS_CLIENT_GENERATED_STATEMENT,QUERY_HASH,QUERY_HASH_VERSION,QUERY_PARAMETERIZED_HASH,QUERY_PARAMETERIZED_HASH_VERSION
01b1e849-0001-9e31-0005-17860002b486,"create or replace table trips (tripduration integer,
starttime timestamp, stoptime timestamp, start_station_id integer, start_station_name string, start_station_latitude float,start_station_longitude float, end_station_id integer, end_station_name string, end_station_latitude float, end_station_longitude float, bikeid integer, membership_type string, usertype string,
birth_year integer, gender integer);",CITIBIKE,PUBLIC,CREATE_TABLE,1433239176732870,SGELE,ACCOUNTADMIN,COMPUTE_WH,,STANDARD,,,SUCCESS,,,2024-01-25T06:33:13.278-08:00,2024-01-25T06:33:13.484-08:00,206,0,0,63,143,0,0,0,0,,,0,,,0,0.000030000,0,8.3.1,0,0,0,0,0,FALSE,156074ef48a358e624747a72d3411f37,2,156074ef48a358e624747a72d3411f37,1
01b1e84a-0001-9d95-0005-1786000245d2,list @citibike_trips;,CITIBIKE,PUBLIC,LIST_FILES,1433239176732870,SGELE,ACCOUNTADMIN,COMPUTE_WH,,STANDARD,,,SUCCESS,,,2024-01-25T06:34:26.073-08:00,2024-01-25T06:34:28.027-08:00,1954,0,0,48,1906,0,0,0,0,,,0,,,0,0.000298000,0,8.3.1,0,0,0,0,0,FALSE,9fd1766434a8ae7977c5e72d65e20c32,2,9fd1766434a8ae7977c5e72d65e20c32,1
01b1e84b-0001-9d31-0005-17860002062e,"CREATE OR REPLACE FILE FORMAT CSV
  TYPE = CSV
  FIELD_DELIMITER = ','
  RECORD_DELIMITER = '\n'
  FIELD_OPTIONALLY_ENCLOSED_BY = '""'
  SKIP_HEADER = 0
  NULL_IF = ('NULL', 'null')
  COMPRESSION = AUTO
  DATE_FORMAT = AUTO
  TIMESTAMP_FORMAT = AUTO
  NULL_IF = ''
  ERROR_ON_COLUMN_COUNT_MISMATCH = FALSE;",CITIBIKE,PUBLIC,CREATE,1433239176732870,SGELE,ACCOUNTADMIN,COMPUTE_WH,,STANDARD,,,SUCCESS,,,2024-01-25T06:35:12.925-08:00,2024-01-25T06:35:12.978-08:00,53,0,0,30,23,0,0,0,0,,,0,,,0,0.000008000,0,8.3.1,0,0,0,0,0,FALSE,861e2fc34f0526377d13ef0fbbe9e285,2,861e2fc34f0526377d13ef0fbbe9e285,1
01b1e84d-0001-9d84-0005-17860002a3a6,"copy into trips from @citibike_trips
file_format=CSV
ON_ERROR='SKIP_FILE';",CITIBIKE,PUBLIC,COPY,1433239176732870,SGELE,ACCOUNTADMIN,COMPUTE_WH,X-Large,STANDARD,1,,SUCCESS,,,2024-01-25T06:37:08.021-08:00,2024-01-25T06:37:41.82-08:00,33799,0,61573664,128,30901,0,0,0,0,,,0,,,0,0.000601000,2770,8.3.1,0,0,0,0,0,FALSE,df8e37dc1bf55511c5b65ee9dcfd4f84,2,df8e37dc1bf55511c5b65ee9dcfd4f84,1
01b1e84f-0001-9e31-0005-17860002b4b2,copy into trips from @citibike_trips file_format=CSV;,CITIBIKE,PUBLIC,COPY,1433239176732870,SGELE,ACCOUNTADMIN,COMPUTE_WH,Small,STANDARD,1,,FAILED_WITH_ERROR,100065,"Found character ':' instead of field delimiter ','
  File 'citibike-trips-json/2013-07-01/data_01a304b5-0601-4bbe-0045-e8030021523e_005_1_1.json.gz', line 1, character 41
  Row 1, column ""TRIPS""[""STARTTIME"":2]
  If you would like to continue loading when an error is encountered, use other values such as 'SKIP_FILE' or 'CONTINUE' for the ON_ERROR option. For more information on loading options, please run 'info loading_data' in a SQL client.",2024-01-25T06:39:40.378-08:00,2024-01-25T06:39:43.901-08:00,3523,0,0,289,461,0,0,0,0,,,0,,,0,0.000484000,2773,8.3.1,0,0,0,0,0,FALSE,7a1fc7a727c4265302410e315b30c23a,2,7a1fc7a727c4265302410e315b30c23a,1
01b1e84f-0001-9eb2-0005-17860002d24a,"copy into trips from @citibike_trips
file_format=CSV
ON_ERROR='SKIP_FILE';",CITIBIKE,PUBLIC,COPY,1433239176732870,SGELE,ACCOUNTADMIN,COMPUTE_WH,Small,STANDARD,1,,SUCCESS,,,2024-01-25T06:39:59.123-08:00,2024-01-25T06:43:05.863-08:00,186740,0,0,226,183563,0,0,0,0,,,0,,,0,0.000605000,2951,8.3.1,0,0,0,0,0,FALSE,df8e37dc1bf55511c5b65ee9dcfd4f84,2,df8e37dc1bf55511c5b65ee9dcfd4f84,1
01b1e853-0001-9d98-0005-17860002858e,truncate table trips;,CITIBIKE,PUBLIC,TRUNCATE_TABLE,1433239176732870,SGELE,ACCOUNTADMIN,COMPUTE_WH,,STANDARD,,,SUCCESS,,,2024-01-25T06:43:28.971-08:00,2024-01-25T06:43:29.288-08:00,317,0,0,33,284,0,0,0,0,,,0,,,0,0.000046000,0,8.3.1,0,0,0,0,0,FALSE,c80bb54fab06d63b72ea2fadb5fe6b08,2,c80bb54fab06d63b72ea2fadb5fe6b08,1
01b1e853-0001-9e31-0005-17860002b4be,"alter WAREHOUSE IDENTIFIER('""COMPUTE_WH""') set WAREHOUSE_SIZE = 'Large'",CITIBIKE,PUBLIC,ALTER,1433239176777850,SGELE,ACCOUNTADMIN,COMPUTE_WH,,STANDARD,,,SUCCESS,,,2024-01-25T06:43:59.203-08:00,2024-01-25T06:43:59.339-08:00,136,0,0,48,88,0,0,0,0,,,0,,,0,0.000021000,0,8.3.1,0,0,0,0,0,FALSE,4e8e2efe1c3dddd210db7b05dec9b123,2,4e8e2efe1c3dddd210db7b05dec9b123,1
01b1e854-0001-9e31-0005-17860002b4c6,"copy into trips from @citibike_trips 
file_format=CSV
ON_ERROR='SKIP_FILE';",CITIBIKE,PUBLIC,COPY,1433239176732870,SGELE,ACCOUNTADMIN,COMPUTE_WH,Large,STANDARD,1,,SUCCESS,,,2024-01-25T06:44:03.461-08:00,2024-01-25T06:45:01.401-08:00,57940,0,61573664,416,54089,0,0,0,0,,,0,,,0,0.000716000,3435,8.3.1,0,0,0,0,0,FALSE,df8e37dc1bf55511c5b65ee9dcfd4f84,2,df8e37dc1bf55511c5b65ee9dcfd4f84,1
01b1e856-0001-9d98-0005-1786000285a6,select * from trips limit 20;,CITIBIKE,PUBLIC,SELECT,1433239176732870,SGELE,ACCOUNTADMIN,ANALYTICS_WH,X-Large,STANDARD,1,,SUCCESS,,,2024-01-25T06:46:09.713-08:00,2024-01-25T06:46:10.598-08:00,885,5056000,20,501,246,138,0,0,0,,,0,,,0,0.000077000,0,8.3.1,0,0,0,0,0,FALSE,76f2923e93267876aa0c95aaad6ed0ef,2,76f2923e93267876aa0c95aaad6ed0ef,1
01b1e856-0001-9e31-0005-17860002b4e2,"select date_trunc('hour', starttime) as ""date"",
count(*) as ""num trips"",
avg(tripduration)/60 as ""avg duration (mins)"",
avg(haversine(start_station_latitude, start_station_longitude, end_station_latitude,
end_station_longitude)) as ""avg distance (km)"" from trips
group by 1 order by 1;",CITIBIKE,PUBLIC,SELECT,1433239176732870,SGELE,ACCOUNTADMIN,ANALYTICS_WH,X-Large,STANDARD,1,,SUCCESS,,,2024-01-25T06:46:32.937-08:00,2024-01-25T06:46:34.474-08:00,1537,1295027200,44295,426,1111,0,0,0,0,,,0,,,0,0.000066000,0,8.3.1,0,0,0,0,0,FALSE,d996e40c49924a9f5783b8bfd09639fb,2,d996e40c49924a9f5783b8bfd09639fb,1
01b1e856-0001-9d95-0005-178600024616,"select date_trunc('hour', starttime) as ""date"",
count(*) as ""num trips"",
avg(tripduration)/60 as ""avg duration (mins)"",
avg(haversine(start_station_latitude, start_station_longitude, end_station_latitude,
end_station_longitude)) as ""avg distance (km)"" from trips 
group by 1 order by 1;",CITIBIKE,PUBLIC,SELECT,1433239176732870,SGELE,ACCOUNTADMIN,ANALYTICS_WH,,STANDARD,,,SUCCESS,,,2024-01-25T06:46:59.431-08:00,2024-01-25T06:46:59.729-08:00,298,0,44295,297,1,0,0,0,0,,,0,,,0,0.000045000,0,8.3.1,0,0,0,0,0,FALSE,d996e40c49924a9f5783b8bfd09639fb,2,d996e40c49924a9f5783b8bfd09639fb,1
01b1e857-0001-9d98-0005-1786000285ba,"select
dayname(starttime) as ""day of week"", count(*) as ""num trips""
from trips
group by 1 order by 2 desc;",CITIBIKE,PUBLIC,SELECT,1433239176732870,SGELE,ACCOUNTADMIN,ANALYTICS_WH,X-Large,STANDARD,1,,SUCCESS,,,2024-01-25T06:47:17.339-08:00,2024-01-25T06:47:17.747-08:00,408,1295027200,7,46,362,0,0,0,0,,,0,,,0,0.000007000,0,8.3.1,0,0,0,0,0,FALSE,8a0cd8f0347abee23d55d9a55bfb09ec,2,8a0cd8f0347abee23d55d9a55bfb09ec,1
01b1e857-0001-9d31-0005-178600020676,"create table trips_dev clone trips
",CITIBIKE,PUBLIC,CREATE_TABLE,1433239176732870,SGELE,ACCOUNTADMIN,ANALYTICS_WH,,STANDARD,,,SUCCESS,,,2024-01-25T06:47:33.334-08:00,2024-01-25T06:47:34.324-08:00,990,0,0,71,919,0,0,0,0,,,0,,,0,0.000148000,0,8.3.1,0,0,0,0,0,FALSE,32a72540d9905c5888b5cfb85b4b77ca,2,32a72540d9905c5888b5cfb85b4b77ca,1
01b1e858-0001-9d84-0005-17860002a3d6,"select *
from table(information_schema.query_history())
order by start_time;",CITIBIKE,PUBLIC,SELECT,1433239176732870,SGELE,ACCOUNTADMIN,ANALYTICS_WH,X-Large,STANDARD,1,,SUCCESS,,,2024-01-25T06:48:35.374-08:00,2024-01-25T06:48:36.033-08:00,659,11072,100,194,460,0,0,0,0,,,0,,,0,0.000064000,5,8.3.1,0,0,0,0,0,FALSE,2880ea1578bc82ce6eac79d4a6804488,2,2880ea1578bc82ce6eac79d4a6804488,1
01b1e858-0001-9d95-0005-178600024626,"create table trips_dev clone trips

select *
from table(information_schema.query_history())
order by start_time DESC;",CITIBIKE,PUBLIC,UNKNOWN,1433239176732870,SGELE,ACCOUNTADMIN,ANALYTICS_WH,,STANDARD,,,FAILED_WITH_ERROR,1003,"SQL compilation error:
syntax error line 3 at position 0 unexpected 'select'.",2024-01-25T06:48:50.863-08:00,2024-01-25T06:48:50.909-08:00,46,0,0,46,0,0,0,0,0,,,0,,,0,0.000007000,0,8.3.1,0,0,0,0,0,FALSE,,0,,0
01b1e858-0001-9d95-0005-17860002462a,"create table trips_dev clone trips


select *
from table(information_schema.query_history())
order by start_time DESC;",CITIBIKE,PUBLIC,UNKNOWN,1433239176732870,SGELE,ACCOUNTADMIN,ANALYTICS_WH,,STANDARD,,,FAILED_WITH_ERROR,1003,"SQL compilation error:
syntax error line 4 at position 0 unexpected 'select'.",2024-01-25T06:48:56.103-08:00,2024-01-25T06:48:56.128-08:00,25,0,0,25,0,0,0,0,0,,,0,,,0,0.000004000,0,8.3.1,0,0,0,0,0,FALSE,,0,,0
01b1e858-0001-9d98-0005-1786000285be,"select *
from table(information_schema.query_history())
order by start_time DESC;",CITIBIKE,PUBLIC,SELECT,1433239176732870,SGELE,ACCOUNTADMIN,ANALYTICS_WH,X-Large,STANDARD,1,,SUCCESS,,,2024-01-25T06:48:59.52-08:00,2024-01-25T06:48:59.89-08:00,370,11024,100,138,226,0,0,0,0,,,0,,,0,0.000046000,6,8.3.1,0,0,0,0,0,FALSE,0221b421d0b6a58ebfb3d285e29f8bf1,2,0221b421d0b6a58ebfb3d285e29f8bf1,1
01b1e85b-0001-9d31-0005-17860002067e,"select *
from table(information_schema.query_history()) where DATABASE_NAME = 'CITIBIKE'
order by start_time DESC;",CITIBIKE,PUBLIC,SELECT,1433239176732870,SGELE,ACCOUNTADMIN,ANALYTICS_WH,X-Large,STANDARD,1,,SUCCESS,,,2024-01-25T06:51:41.39-08:00,2024-01-25T06:51:42.03-08:00,640,11040,19,223,412,0,0,0,0,,,0,,,0,0.000065000,5,8.3.1,0,0,0,0,0,FALSE,72ec329d4c90365bdd2fcd9af30284e3,2,8f81fc2d44735c134a9bca6f7c9f21f4,1
01b1e869-0001-9d95-0005-178600024636,create database weather;,CITIBIKE,PUBLIC,CREATE,1433239176732870,SGELE,ACCOUNTADMIN,ANALYTICS_WH,,STANDARD,,,SUCCESS,,,2024-01-25T07:05:27.511-08:00,2024-01-25T07:05:27.666-08:00,155,0,0,76,79,0,0,0,0,,,0,,,0,0.000024000,0,8.3.1,0,0,0,0,0,FALSE,6cbe3ac9755bd390834072051e5d36bf,2,6cbe3ac9755bd390834072051e5d36bf,1
01b1e869-0001-9d84-0005-17860002a3e6,use role sysadmin;,WEATHER,PUBLIC,USE,1433239176732870,SGELE,ACCOUNTADMIN,ANALYTICS_WH,,STANDARD,,,SUCCESS,,,2024-01-25T07:05:41.329-08:00,2024-01-25T07:05:41.376-08:00,47,0,0,35,12,0,0,0,0,,,0,,,0,0.000007000,0,8.3.1,0,0,0,0,0,FALSE,5ffcc6c0da19c1ad5f3984c273c74cca,2,5ffcc6c0da19c1ad5f3984c273c74cca,1
01b1e86a-0001-9d95-0005-17860002464a,use warehouse compute_wh;,WEATHER,PUBLIC,USE,1433239176732870,SGELE,ACCOUNTADMIN,COMPUTE_WH,,STANDARD,,,SUCCESS,,,2024-01-25T07:06:09.162-08:00,2024-01-25T07:06:09.204-08:00,42,0,0,40,2,0,0,0,0,,,0,,,0,0.000006000,0,8.3.1,0,0,0,0,0,FALSE,5cfee9dd4cd3f7caf5e9a98af1ea01e5,2,5cfee9dd4cd3f7caf5e9a98af1ea01e5,1
01b1e86a-0001-9d98-0005-1786000285f2,use database weather;,WEATHER,PUBLIC,USE,1433239176732870,SGELE,ACCOUNTADMIN,COMPUTE_WH,,STANDARD,,,SUCCESS,,,2024-01-25T07:06:12.144-08:00,2024-01-25T07:06:12.21-08:00,66,0,0,61,5,0,0,0,0,,,0,,,0,0.000010000,0,8.3.1,0,0,0,0,0,FALSE,87c4cde17daf5325b5c1e7669d95c59c,2,87c4cde17daf5325b5c1e7669d95c59c,1
01b1e86a-0001-9d98-0005-1786000285f6,use schema public;,WEATHER,PUBLIC,USE,1433239176732870,SGELE,ACCOUNTADMIN,COMPUTE_WH,,STANDARD,,,SUCCESS,,,2024-01-25T07:06:13.493-08:00,2024-01-25T07:06:13.617-08:00,124,0,0,78,46,0,0,0,0,,,0,,,0,0.000019000,0,8.3.1,0,0,0,0,0,FALSE,9dc480c130bc38fd766cdc1a548424dc,2,9dc480c130bc38fd766cdc1a548424dc,1
01b1e86a-0001-9d31-0005-1786000206aa,create table json_weather_data (v variant);,WEATHER,PUBLIC,CREATE_TABLE,1433239176732870,SGELE,ACCOUNTADMIN,COMPUTE_WH,,STANDARD,,,SUCCESS,,,2024-01-25T07:06:25.017-08:00,2024-01-25T07:06:25.183-08:00,166,0,0,81,85,0,0,0,0,,,0,,,0,0.000023000,0,8.3.1,0,0,0,0,0,FALSE,7fe9a4310c6ae51db12827d57266adfd,2,7fe9a4310c6ae51db12827d57266adfd,1
01b1e86a-0001-9e31-0005-17860002b51a,"create stage nyc_weather
url = 's3://snowflake-workshop-lab/weather-nyc';",WEATHER,PUBLIC,CREATE,1433239176732870,SGELE,ACCOUNTADMIN,COMPUTE_WH,,STANDARD,,,SUCCESS,,,2024-01-25T07:06:40.777-08:00,2024-01-25T07:06:40.967-08:00,190,0,0,38,152,0,0,0,0,,,0,,,0,0.000029000,0,8.3.1,0,0,0,0,0,FALSE,698e1b2672685b262b9765c5bcda9512,2,698e1b2672685b262b9765c5bcda9512,1
01b1e86a-0001-9d31-0005-1786000206b2,list @nyc_weather;,WEATHER,PUBLIC,LIST_FILES,1433239176732870,SGELE,ACCOUNTADMIN,COMPUTE_WH,,STANDARD,,,SUCCESS,,,2024-01-25T07:06:49.135-08:00,2024-01-25T07:06:49.246-08:00,111,0,0,26,85,0,0,0,0,,,0,,,0,0.000017000,0,8.3.1,0,0,0,0,0,FALSE,731695bba019280686a4feb574f70692,2,731695bba019280686a4feb574f70692,1
01b1e86b-0001-9d31-0005-1786000206b6,copy into json_weather_data from @nyc_weather file_format = (type=json);,WEATHER,PUBLIC,COPY,1433239176732870,SGELE,ACCOUNTADMIN,COMPUTE_WH,Large,STANDARD,1,,SUCCESS,,,2024-01-25T07:07:16.702-08:00,2024-01-25T07:07:18.709-08:00,2007,2667753,57894,469,1183,100,0,0,0,,,0,,,0,0.000133000,255,8.3.1,0,0,0,0,0,FALSE,1bfc54fd4729ee1a1f64805c62fafd40,2,1bfc54fd4729ee1a1f64805c62fafd40,1
01b1e86b-0001-9d31-0005-1786000206ba,select * from json_weather_data limit 10;,WEATHER,PUBLIC,SELECT,1433239176732870,SGELE,ACCOUNTADMIN,COMPUTE_WH,Large,STANDARD,1,,SUCCESS,,,2024-01-25T07:07:30.024-08:00,2024-01-25T07:07:30.264-08:00,240,692736,10,132,108,0,0,0,0,,,0,,,0,0.000020000,0,8.3.1,0,0,0,0,0,FALSE,e44476abbc65e04a119167274e56f346,2,e44476abbc65e04a119167274e56f346,1
01b1e86c-0001-9e31-0005-17860002b51e,"create view json_weather_data_view as select
v:time::timestamp as observation_time, v:city.id::int as city_id,
v:city.name::string as city_name, v:city.country::string as country, v:city.coord.lat::float as city_lat, v:city.coord.lon::float as city_lon, v:clouds.all::int as clouds, (v:main.temp::float)-273.15 as temp_avg, (v:main.temp_min::float)-273.15 as temp_min, (v:main.temp_max::float)-273.15 as temp_max, v:weather[0].main::string as weather, v:weather[0].description::string as weather_desc, v:weather[0].icon::string as weather_icon, v:wind.deg::float as wind_dir,
v:wind.speed::float as wind_speed from json_weather_data
where city_id = 5128638;",WEATHER,PUBLIC,CREATE_VIEW,1433239176732870,SGELE,ACCOUNTADMIN,COMPUTE_WH,,STANDARD,,,SUCCESS,,,2024-01-25T07:08:04.281-08:00,2024-01-25T07:08:04.47-08:00,189,0,0,100,89,0,0,0,0,,,0,,,0,0.000024000,0,8.3.1,0,0,0,0,0,FALSE,9bf087d6f0ee3b597a78de69110149ca,2,9bf087d6f0ee3b597a78de69110149ca,1
01b1e86c-0001-9d95-0005-17860002465a,"select * from json_weather_data_view
where date_trunc('month',observation_time) = '2018-01-01' limit 20;",WEATHER,PUBLIC,SELECT,1433239176732870,SGELE,ACCOUNTADMIN,COMPUTE_WH,Large,STANDARD,1,,SUCCESS,,,2024-01-25T07:08:16.071-08:00,2024-01-25T07:08:16.549-08:00,478,692736,20,390,88,0,0,0,0,,,0,,,0,0.000060000,0,8.3.1,0,0,0,0,0,FALSE,937d0faf1fc27c9196eebb75d9218181,2,937d0faf1fc27c9196eebb75d9218181,1
01b1e86c-0001-9d84-0005-17860002a3fe,"select weather as conditions ,count(*) as num_trips
from citibike.public.trips
left outer join json_weather_data_view
on date_trunc('hour', observation_time) = date_trunc('hour', starttime) where conditions is not null
group by 1 order by 2 desc;",WEATHER,PUBLIC,SELECT,1433239176732870,SGELE,ACCOUNTADMIN,COMPUTE_WH,Large,STANDARD,1,,SUCCESS,,,2024-01-25T07:08:27.986-08:00,2024-01-25T07:08:29.423-08:00,1437,1301347328,10,572,865,0,0,0,0,,,0,,,0,0.000088000,0,8.3.1,0,0,0,0,0,FALSE,1678aea0f5da376827d23286bda65958,2,1678aea0f5da376827d23286bda65958,1
01b1e86c-0001-9d84-0005-17860002a402,drop table json_weather_data;,WEATHER,PUBLIC,DROP,1433239176732870,SGELE,ACCOUNTADMIN,COMPUTE_WH,,STANDARD,,,SUCCESS,,,2024-01-25T07:08:51.864-08:00,2024-01-25T07:08:51.953-08:00,89,0,0,44,45,0,0,0,0,,,0,,,0,0.000013000,0,8.3.1,0,0,0,0,0,FALSE,75f4d45926d93e71da21b943a4ca277f,2,75f4d45926d93e71da21b943a4ca277f,1
01b1e86d-0001-9d84-0005-17860002a40a,select * from json_weather_data limit 10;,WEATHER,PUBLIC,UNKNOWN,1433239176732870,SGELE,ACCOUNTADMIN,COMPUTE_WH,,STANDARD,,,FAILED_WITH_ERROR,2003,"SQL compilation error:
Object 'JSON_WEATHER_DATA' does not exist or not authorized.",2024-01-25T07:09:03.752-08:00,2024-01-25T07:09:03.783-08:00,31,0,0,31,0,0,0,0,0,,,0,,,0,0.000005000,0,8.3.1,0,0,0,0,0,FALSE,e44476abbc65e04a119167274e56f346,2,e44476abbc65e04a119167274e56f346,1
01b1e86d-0001-9d98-0005-178600028602,undrop table json_weather_data;,WEATHER,PUBLIC,RESTORE,1433239176732870,SGELE,ACCOUNTADMIN,COMPUTE_WH,,STANDARD,,,SUCCESS,,,2024-01-25T07:09:17.637-08:00,2024-01-25T07:09:17.729-08:00,92,0,0,51,41,0,0,0,0,,,0,,,0,0.000014000,0,8.3.1,0,0,0,0,0,FALSE,d89d0b3617de97a45884397f4cf035c4,2,d89d0b3617de97a45884397f4cf035c4,1
01b1e86d-0001-9eb2-0005-17860002d2be,use warehouse compute_wh;,WEATHER,PUBLIC,USE,1433239176732870,SGELE,ACCOUNTADMIN,COMPUTE_WH,,STANDARD,,,SUCCESS,,,2024-01-25T07:09:37.491-08:00,2024-01-25T07:09:37.537-08:00,46,0,0,40,6,0,0,0,0,,,0,,,0,0.000007000,0,8.3.1,0,0,0,0,0,FALSE,5cfee9dd4cd3f7caf5e9a98af1ea01e5,2,5cfee9dd4cd3f7caf5e9a98af1ea01e5,1
01b1e86d-0001-9e31-0005-17860002b52a,use database citibike;,WEATHER,PUBLIC,USE,1433239176732870,SGELE,ACCOUNTADMIN,COMPUTE_WH,,STANDARD,,,SUCCESS,,,2024-01-25T07:09:39.397-08:00,2024-01-25T07:09:39.494-08:00,97,0,0,50,47,0,0,0,0,,,0,,,0,0.000015000,0,8.3.1,0,0,0,0,0,FALSE,1a298e923ce23b5f17bc545272680174,2,1a298e923ce23b5f17bc545272680174,1
01b1e86d-0001-9d84-0005-17860002a416,use schema public;,CITIBIKE,PUBLIC,USE,1433239176732870,SGELE,ACCOUNTADMIN,COMPUTE_WH,,STANDARD,,,SUCCESS,,,2024-01-25T07:09:40.916-08:00,2024-01-25T07:09:40.988-08:00,72,0,0,69,3,0,0,0,0,,,0,,,0,0.000011000,0,8.3.1,0,0,0,0,0,FALSE,9dc480c130bc38fd766cdc1a548424dc,2,9dc480c130bc38fd766cdc1a548424dc,1
01b1e86d-0001-9d95-0005-17860002465e,update trips set start_station_name = 'oops';,CITIBIKE,PUBLIC,UPDATE,1433239176732870,SGELE,ACCOUNTADMIN,COMPUTE_WH,Large,STANDARD,1,,SUCCESS,,,2024-01-25T07:09:49.739-08:00,2024-01-25T07:10:02.152-08:00,12413,2457600,61573664,166,12247,0,0,0,0,,,0,,,0,0.000059000,0,8.3.1,0,0,0,0,0,FALSE,1b99da994e28056f5f3a7897eda03d1f,2,1b99da994e28056f5f3a7897eda03d1f,1
01b1e86e-0001-9d98-0005-17860002860a,"select
start_station_name as ""station"", count(*) as ""rides""
from trips
group by 1
order by 2 desc
limit 20;",CITIBIKE,PUBLIC,SELECT,1433239176732870,SGELE,ACCOUNTADMIN,COMPUTE_WH,Large,STANDARD,1,,SUCCESS,,,2024-01-25T07:10:17.204-08:00,2024-01-25T07:10:17.697-08:00,493,0,1,332,161,0,0,0,0,,,0,,,0,0.000051000,0,8.3.1,0,0,0,0,0,FALSE,217a094fef2952c010b19032d5e244e5,2,217a094fef2952c010b19032d5e244e5,1
01b1e86e-0001-9d95-0005-178600024666,"set query_id =
(select query_id from table(information_schema.query_history_by_session (result_limit=>5)) where query_text like 'update%' order by start_time limit 1);",CITIBIKE,PUBLIC,SET,1433239176732870,SGELE,ACCOUNTADMIN,COMPUTE_WH,Large,STANDARD,1,,SUCCESS,,,2024-01-25T07:10:30.982-08:00,2024-01-25T07:10:31.384-08:00,402,1232,1,173,221,0,0,0,0,,,0,,,0,0.000053000,8,8.3.1,0,0,0,0,0,FALSE,42fa295c50e06ad3749bc2759fc280de,2,42fa295c50e06ad3749bc2759fc280de,1
01b1e86e-0001-9d98-0005-178600028612,"create or replace table trips as
(select * from trips before (statement => $query_id));",CITIBIKE,PUBLIC,CREATE_TABLE_AS_SELECT,1433239176732870,SGELE,ACCOUNTADMIN,COMPUTE_WH,Large,STANDARD,1,,SUCCESS,,,2024-01-25T07:10:42.675-08:00,2024-01-25T07:10:49.716-08:00,7041,1295027200,61573664,311,6730,0,0,0,0,,,0,,,0,0.000100000,0,8.3.1,0,0,0,0,0,FALSE,c37e49d93210fa0a0d271a8486a42f2b,2,c37e49d93210fa0a0d271a8486a42f2b,1
01b1e86e-0001-9d98-0005-178600028616,"select
start_station_name as ""station"", count(*) as ""rides""
from trips
group by 1
order by 2 desc
limit 20;",CITIBIKE,PUBLIC,SELECT,1433239176732870,SGELE,ACCOUNTADMIN,COMPUTE_WH,Large,STANDARD,1,,SUCCESS,,,2024-01-25T07:10:59.47-08:00,2024-01-25T07:10:59.845-08:00,375,1289159680,20,118,257,0,0,0,0,,,0,,,0,0.000018000,0,8.3.1,0,0,0,0,0,FALSE,217a094fef2952c010b19032d5e244e5,2,217a094fef2952c010b19032d5e244e5,1
01b1e86f-0001-9e31-0005-17860002b53a,create role junior_dba;,CITIBIKE,PUBLIC,CREATE_ROLE,1433239176732870,SGELE,ACCOUNTADMIN,COMPUTE_WH,,STANDARD,,,SUCCESS,,,2024-01-25T07:11:19.211-08:00,2024-01-25T07:11:19.263-08:00,52,0,0,29,23,0,0,0,0,,,0,,,0,0.000008000,0,8.3.1,0,0,0,0,0,FALSE,1dbd8b7dd345c1ec1da51c66026450e9,2,1dbd8b7dd345c1ec1da51c66026450e9,1
01b1e86f-0001-9d95-0005-178600024672,grant role junior_dba to user SGELE;,CITIBIKE,PUBLIC,GRANT,1433239176732870,SGELE,ACCOUNTADMIN,COMPUTE_WH,,STANDARD,,,SUCCESS,,,2024-01-25T07:11:31.534-08:00,2024-01-25T07:11:31.609-08:00,75,0,0,60,15,0,0,0,0,,,0,,,0,0.000011000,0,8.3.1,0,0,0,0,0,FALSE,3e524b6e1eb655c99d2976ca363e07eb,2,3e524b6e1eb655c99d2976ca363e07eb,1
01b1e86f-0001-9d31-0005-1786000206be,use role junior_dba;,CITIBIKE,PUBLIC,USE,1433239176732870,SGELE,ACCOUNTADMIN,COMPUTE_WH,,STANDARD,,,SUCCESS,,,2024-01-25T07:11:43.576-08:00,2024-01-25T07:11:43.697-08:00,121,0,0,100,21,0,0,0,0,,,0,,,0,0.000018000,0,8.3.1,0,0,0,0,0,FALSE,f586c43eb6fbd91b6f370b4384936838,2,f586c43eb6fbd91b6f370b4384936838,1
01b1e870-0001-9eb2-0005-17860002d2d2,grant usage on database citibike to role junior_dba;,CITIBIKE,PUBLIC,GRANT,1433239176732870,SGELE,ACCOUNTADMIN,COMPUTE_WH,,STANDARD,,,SUCCESS,,,2024-01-25T07:12:05.495-08:00,2024-01-25T07:12:05.549-08:00,54,0,0,36,18,0,0,0,0,,,0,,,0,0.000008000,0,8.3.1,0,0,0,0,0,FALSE,b6637e18f815a6484e5e571c57d7ac12,2,b6637e18f815a6484e5e571c57d7ac12,1
01b1e870-0001-9d95-0005-17860002467e,grant usage on database weather to role junior_dba;,CITIBIKE,PUBLIC,GRANT,1433239176732870,SGELE,ACCOUNTADMIN,COMPUTE_WH,,STANDARD,,,SUCCESS,,,2024-01-25T07:12:07.731-08:00,2024-01-25T07:12:07.777-08:00,46,0,0,35,11,0,0,0,0,,,0,,,0,0.000007000,0,8.3.1,0,0,0,0,0,FALSE,ca28c6a3dfb8118e26ef8acf7ce2e6a0,2,ca28c6a3dfb8118e26ef8acf7ce2e6a0,1
01b1e870-0001-9d84-0005-17860002a432,use role junior_dba;,CITIBIKE,PUBLIC,USE,1433239176732870,SGELE,ACCOUNTADMIN,COMPUTE_WH,,STANDARD,,,SUCCESS,,,2024-01-25T07:12:16.449-08:00,2024-01-25T07:12:16.527-08:00,78,0,0,68,10,0,0,0,0,,,0,,,0,0.000012000,0,8.3.1,0,0,0,0,0,FALSE,f586c43eb6fbd91b6f370b4384936838,2,f586c43eb6fbd91b6f370b4384936838,1
01b1e874-0001-9eb2-0005-17860002d2de,"SELECT *
FROM SNOWFLAKE.ACCOUNT_USAGE.QUERY_HISTORY
WHERE USER_NAME = 'SGELE' AND EXECUTION_STATUS = 'SUCCESS';",CITIBIKE,,UNKNOWN,1433239176732870,SGELE,JUNIOR_DBA,,,STANDARD,,,FAILED_WITH_ERROR,2003,"SQL compilation error:
Schema 'SNOWFLAKE.ACCOUNT_USAGE' does not exist or not authorized.",2024-01-25T07:16:10.377-08:00,2024-01-25T07:16:10.429-08:00,52,0,0,52,0,0,0,0,0,,,0,,,0,0.000008000,0,8.3.1,0,0,0,0,0,FALSE,46055778f1cca4b8646d4f724d797bd1,2,26d43f26fbc338b9abda0bf92d55593f,1
01b1e875-0001-9e31-0005-17860002b542,"select *
from table(information_schema.query_history())  WHERE database_name IN ('CITIBIKE', 'WEATHER')
order by start_time;",CITIBIKE,,SELECT,1433239176732870,SGELE,JUNIOR_DBA,,,STANDARD,,,FAILED_WITH_ERROR,606,"No active warehouse selected in the current session.  Select an active warehouse with the 'use warehouse' command.
",2024-01-25T07:17:54.581-08:00,2024-01-25T07:17:54.741-08:00,160,0,0,151,5,0,0,0,0,,,0,,,0,0.000024000,4,8.3.1,0,0,0,0,0,FALSE,6f1eed7776786bc815b3d8302b1e8800,2,6f1eed7776786bc815b3d8302b1e8800,1
01b1e876-0001-9d31-0005-1786000206d2,"select *
from table(information_schema.query_history()) WHERE database_name IN ('CITIBIKE', 'WEATHER')
order by start_time;",CITIBIKE,,SELECT,1433239176732870,SGELE,JUNIOR_DBA,,,STANDARD,,,FAILED_WITH_ERROR,606,"No active warehouse selected in the current session.  Select an active warehouse with the 'use warehouse' command.
",2024-01-25T07:18:04.16-08:00,2024-01-25T07:18:04.298-08:00,138,0,0,129,4,0,0,0,0,,,0,,,0,0.000021000,5,8.3.1,0,0,0,0,0,FALSE,6f1eed7776786bc815b3d8302b1e8800,2,6f1eed7776786bc815b3d8302b1e8800,1
01b1e878-0001-9d95-0005-17860002469e,USE DATABASE SNOWFLAKE;,CITIBIKE,,USE,1433239176732870,SGELE,JUNIOR_DBA,,,STANDARD,,,SUCCESS,,,2024-01-25T07:20:31.366-08:00,2024-01-25T07:20:31.439-08:00,73,0,0,58,15,0,0,0,0,,,0,,,0,0.000011000,0,8.3.1,0,0,0,0,0,FALSE,2817c78d288b27bcd2b57c159d80ca7d,2,2817c78d288b27bcd2b57c159d80ca7d,1
